Subject,Module,Chapter,Topic
LINUX,Basic,Chapter 1,Topic 1
LINUX,Basic,Chapter 1,Topic 2
LINUX,Basic,Chapter 1,Topic 3
LINUX,Basic,Chapter 1,Topic 4
LINUX,Basic,Chapter 1,Topic 5
LINUX,Basic,Chapter 1,Topic 6
LINUX,Basic,Chapter 1,Topic 7
LINUX,Basic,Chapter 2,Topic 11
LINUX,Basic,Chapter 2,Topic 12
LINUX,Basic,Chapter 2,Topic 13
LINUX,Basic,Chapter 2,Topic 14
LINUX,Basic,Chapter 2,Topic 15
LINUX,Basic,Chapter 2,Topic 16
LINUX,Basic,Chapter 2,Topic 17
LINUX,Basic,Chapter 2,Topic 18
LINUX,Basic,Chapter 2,Topic 19